{
  "Recall@10": 0.13772860690900882,
  "NDCG@10": 0.08320426522753581
}